{
  "name": "__MSG_name__",  
  "version": "1.3.4",
  "manifest_version": 2,
  "description": "__MSG_desc__",
  "homepage_url": "https://wiki.logiquesistemas.com.br",
  "icons": {    
    "16": "icons/icon-logique-16.png",
    "48": "icons/icon-logique-48.png",
    "128": "icons/icon-logique-128.png"
  },
  "default_locale": "en",
  "background": {
    "scripts": [
      "src/bg/background.js"
    ],
    "persistent": true
  },
  "browser_action": {
    "default_icon": "icons/icon-logique-19.png",
    "default_title": "Logique Wiki Search",
    "default_popup": "src/browser_action/browser_action.html"
  },
  "options_ui": {
    "page": "src/opt/options.html",
    "chrome_style": true
  },
  "permissions": [
    "contextMenus",
    "*://*.wiktionary.org/*",
		"storage"
  ]
}